Author,Organization Name,Type
57218202833,Brigham Young University,University
7004904337,Brigham Young University,University
7005513246,Brigham Young University,University
6508306234,University of Trás-os-Montes and Alto Douro (UTAD),University
6508306234,Universidade de Trás-os-Montes e Alto Douro,University
9277159100,Brigham Young University,University
9277159100,Brigham Young Univ.,University
9277159100,Ira A. Fulton College of Engineering and Technology,University
6507358470,University of Trás-os-Montes and Alto Douro (UTAD),University
57204031131,Brigham Young University,University
6602649851,Brigham Young University,University
56830076500,Brigham Young University,University
57204029674,Brigham Young University,University
57204032253,East Hartford,Company
57204032253,Pratt and Whitney,Company
57217149830,Brigham Young University,University
57217149403,Brigham Young University,University
57217145377,Brigham Young University,University
57217146534,Brigham Young University,University
57217147399,Brigham Young University,University
57217147006,Brigham Young University,University
57210571665,University of California,University
55611356500,Brigham Young University,University
57218886193,Tufts University,University
57210260262,Tufts University,University
6701777223,Serbia Academy of Engineering Sciences of Serbia,University
6701777223,Faculty of Technical Sciences,Company
6701777223,Department of Power,Company
6701777223,Dept. of Power,Company
6701777223,Dept. of Power Electr. and Comm. Eng,Company
6701777223,University of Novi Sad,University
8448666000,Brigham Young University,University
8448666000,Brigham Young UniversityUT,University
36149254500,North Carolina State University,University
57191155872,North Carolina State University,University
56681156600,Brigham Young University,University
35088650000,North Carolina State University,University
7201741468,Brigham Young University,University
7402786794,North Carolina State University,University
57191822951,Brigham Young University,University
57188654880,Brigham Young University,University
57192247939,Tufts University,University
57218593962,Brigham Young University,University
57218593446,Brigham Young University,University
57218591162,Brigham Young University,University
57201772566,University of California,University
16422844400,University of Californnia at Santa Cruz,University
16422844400,University of California,University
16422844400,University of California Santa Cruz,University
16422844400,University of California at Santa Cruz,University
7102975249,Brigham Young University,University
7102975249,University of California,University
7102975249,University of California Santa Cruz,University
57193338296,Jinan University,University
57194692502,Brigham Young University,University
57202017958,University of Wisconsin-Madison,University
57205128747,University of Wisconsin-Madison,University
55829396600,University of Wisconsin-Madison,University
57201634652,Brigham Young University,University
57218685929,Brigham Young University,University
18535712500,Brigham Young University,University
56248593800,Brigham Young University,University
56248593800,Brigham Young University ProvoUT,University
10640480600,Air Force Research Laboratory,Company
24923036100,Infoscitex Corporation,Company
7201675107,Miami Valley Aerospace Llc,Company
56330168500,Brigham Young University,University
9942259800,Brigham Young University,University
57201257192,Brigham Young University,University
56260937200,Institute for Structural Mechanics,University
57081918700,Institute for Structural Mechanics,University
55487415500,Technische Universität Kaiserslautern,University
55487415500,Brandenburgische Technische Universität Cottbus-Senftenberg,University
7202083837,Brigham Young University,University
57210290270,Brigham Young University,University
57210288045,Brigham Young University,University
57210287166,Brigham Young University,University
57211254337,Brigham Young University,University
57210292389,Brigham Young University,University
57218761022,Brigham Young University,University
35147940600,Brigham Young University,University
35147940600,Brigham Young UniversityUT,University
57201912667,Brigham Young University,University
7202282831,Brigham Young University,University
57218107757,Brigham Young University,University
57198832579,Brigham Young University,University
57218097969,Brigham Young University,University
7003302831,Brigham Young University,University
16066928300,Brigham Young University,University
56584019300,Brigham Young University,University
56584019300,University of Dayton,University
57217581937,Brigham Young University,University
57214937519,Brigham Young University,University
57217581770,Brigham Young University,University
55542008600,NASA Goddard Space Flight Center,Company
56714263700,Brigham Young University,University
8608718200,Brigham Young University,University
57194874146,University of Wyoming,University
8935141300,University of Wyoming,University
57194231165,University of Wyoming,University
6601976036,University of Wyoming,University
35547089300,University of Wyoming,University
7004479819,Brigham Young University,University
55413647400,University of Wyoming,University
55739722900,Western Research Institute,University
7201970805,University of Wyoming,University
57217041570,Brigham Young University,University
57200117690,Brigham Young University,University
57200117690,Brigham Young Univeristy,University
57207689986,Brigham Young University,University
57200699937,Brigham Young University,University
7202316035,Brigham Young University,University
35209941000,Brigham Young University,University
35209941000,Brigham Young Univeristy,University
57219312906,Brigham Young University Provo,University
57215534774,Brigham Young University Provo,University
35303536900,Brigham Young University,University
35303536900,Brigham Young University Provo,University
57216811262,Brigham Young University,University
8705255200,Brigham Young University,University
57218879246,National Chiao Tung University,University
57218883196,National Chiao Tung University,University
57218883472,National Chiao Tung University,University
57218875152,National Chiao Tung University,University
36444802300,National Chiao Tung University,University
7402967162,Lafayette College,University
56196521900,Wavetronix Llc,Company
56196521900,Brigham Young University,University
35597296700,Brigham Young University,University
55649569259,Wavetronix Llc,Company
55649569259,Wavetronix LLC,Company
55649569259,Brigham Young University,University
55649569259,Wavetronix,Company
55849071700,Brigham Young University,University
57190404271,Brigham Young University,University
57190404271,Uber Advanced Technologies Group,Company
35562442700,Brigham Young University,University
35562442700,NASA Langley Research Center,Company
7006542177,Brigham Young University,University
36668159600,Air Force Research Laboratory,Company
36668159600,Munitions Directorate,Company
36668159600,U.S. Air Force Research Laboratory,Company
57215136260,Statistical Sciences Group,Company
56442655200,Statistical Sciences Group,Company
55827824100,Brigham Young University,University
57197773578,Brigham Young University,University
57204761536,Brigham Young University,University
7004300863,Brigham Young University,University
8421746800,Brigham Young University,University
57203660684,Brigham Young University,University
57218095797,Brigham Young University,University
57218102993,Brigham Young University,University
57218105310,Brigham Young University,University
57197795830,Brigham Young University,University
14033673100,Brigham Young University,University
57205285411,Brigham Young University,University
57205288709,Brigham Young University,University
57205293533,Brigham Young University,University
6701746882,Brigham Young University,University
10141271600,Brigham Young University,University
7202277096,Brigham Young University,University
6701720294,Brigham Young University,University
6701720294,Utah Valley University,University
57211516485,Brigham Young University,University
57200077532,Brigham Young University,University
57200077532,BYU MAGICC Lab.,Company
55613237293,BYU MAGICC Lab.,Company
57208246750,Arizona State University (ASU),University
57208246750,Institute of Informatics,University
57206834042,Brigham Young University,University
57206834042,Brigham Young University (BYU),University
7003292762,Brigham Young University,University
7003292762,Brigham Young University (BYU),University
19638969800,Los Alamos National Laboratory (LANL),Company
19638969800,Institute of Informatics,University
55301279200,Arizona State University (ASU),University
7402258065,Brigham Young University,University
36987999600,Intel Communications and Devices Group,Company
36987999600,University of Texas at Dallas,University
7003868048,University of Texas at Dallas,University
57190402922,Brigham Young University,University
57199050938,Johns Hopkins University,University
57211158470,Brigham Young University,University
57195286623,School of Materials Science and Engineering,Company
35790633100,School of Materials Science and Engineering,Company
12142543700,Brigham Young University,University
8715877100,Johns Hopkins University,University
8929123100,Brigham Young University,University
57215607275,Brigham Young University,University
57215609504,Brigham Young University,University
57200118993,Brigham Young University,University
57215613881,Brigham Young University,University
57215598228,Brigham Young University,University
57211987837,Brigham Young University,University
57209538650,Brigham Young University,University
7005636820,Brigham Young University,University
57192943554,Brigham Young University,University
56709287700,Brigham Young University,University
7003772744,Brigham Young University,University
7003772744,Oregon State University,University
57195970826,Brigham Young University,University
57203943386,Brigham Young University,University
57193834529,Brigham Young University,University
57203942414,Brigham Young University,University
7410190129,Brigham Young University,University
7007046711,Brigham Young University,University
7006111578,Brigham Young University,University
56371366400,Brigham Young University,University
57202818911,Brigham Young University,University
7102523474,Brigham Young University,University
7003927879,Georgia Institute of Technology,University
57217245563,Brigham Young University,University
57198519795,Brigham Young University,University
55100119300,Brigham Young University,University
39861044100,Brigham Young University,University
39861044100,Coreform LLC,Company
36708895400,Coreform LLC,Company
56692412900,Chalmers University of Technology,University
57211105311,Chalmers University of Technology,University
7202518970,Brigham Young University,University
12445742400,LKAB,Company
55770396700,University of California-Berkeley,University
56735940800,Brigham Young University,University
23099630500,University of California-Berkeley,University
57215680724,Brigham Young University,University
57205652801,Brigham Young University,University
57195427378,Brigham Young University,University
57215684781,Brigham Young University,University
57215687139,Brigham Young University,University
57215697686,Brigham Young University,University
56251876800,Brigham Young University,University
7202687601,Brigham Young University,University
56514586700,Brigham Young University,University
57197765353,Brigham Young University,University
57188681207,Brigham Young University,University
36349287300,Brigham Young University,University
57189235340,Brigham Young University,University
55547123342,Brigham Young University,University
25639041400,Cisco System Inc.,Company
25639041400,Cisco Systems Inc,Company
55967471000,Cisco Systems Inc,Company
57218221803,Cisco Systems Inc,Company
56387524600,University of California,University
56387524600,University of California Santa Cruz,University
56387524600,University of California at Santa Cruz,University
57202735625,Brigham Young University,University
7003381644,Brigham Young University,University
6701834327,Sri Sivasubramaniya College of Engineering,University
57202445593,Chalmers University,University
57202445593,Chalmers University of Technology,University
7004609408,Danville,Company
7004609408,Consultant,Company
8660143800,Brigham Young University,University
6506736843,Brandenburgische Technische Universität Cottbus-Senftenberg 01968,University
6506736843,Chalmers University,University
6507359986,Supervising Transportation Engineer,Company
57214365851,Brigham Young Univ.,University
57212088299,Structural Analyst Engineer,Company
7003663333,Brigham Young University,University
7003663333,Brigham Young Univ.,University
7003663333,368 CB Brigham Young Univ.,University
6602889035,Univ. of California Los Angeles,University
57216181629,University of Maryland,University
36245410800,University of Maryland,University
57191110417,University of Maryland,University
56622088300,University of Maryland,University
57195921912,University of Maryland,University
57215904613,SLAC National Accelerator Laboratory,Company
7402756644,SLAC National Accelerator Laboratory,Company
57217317667,NICE America Research Inc.,Company
57195591421,NICE America Research Inc.,Company
57217789464,National Institute of Standards and Technology,University
57216183270,Brigham Young University,University
57207901363,Brigham Young University,University
34873697600,Hitachi-Technologies America Inc.,Company
56767836200,NICE,Company
7102900497,University of Maryland,University
57202776341,Brigham Young University,University
57212879455,Brigham Young University,University
57212877661,Brigham Young University,University
57212877401,Brigham Young University,University
35262249500,Brigham Young University,University
7102405529,Brigham Young University,University
57212107391,Brigham Young University,University
57212107391,Brigham Young Univeristy,University
57216754583,Brigham Young Univeristy,University
8342785400,ON Semiconductor,Company
57190228554,Pacific Northwest National Laboratory,Company
57190228554,Brigham Young University,University
7102879142,Brigham Young University,University
57214076898,Brigham Young University,University
57198146081,Purdue University,University
7006441571,Brigham Young University,University
7006441571,SYSU-CMU Shunde International Joint Research Institute,University
55971908500,College of Engineering,University
54415193700,South China University of Technology,University
56489679500,College of Engineering,University
55522618700,College of Engineering,University
55864283000,South China University of Technology,University
57209110872,Brigham Young University,University
57206455220,Brigham Young University,University
7103248108,Brigham Young University,University
57191108291,Brigham Young University,University
57212383793,Brigham Young University,University
57212379321,Brigham Young University,University
57202904399,Brigham Young University,University
7403279876,Brigham Young University,University
6507391043,Brigham Young University,University
57196261400,Brigham Young University,University
57214229367,Brigham Young University,University
57214855898,Brigham Young University,University
57215031057,Brigham Young University,University
6701610428,Brigham Young University,University
7403218372,Brigham Young University,University
57200515115,Brigham Young University,University
57194698845,Brigham Young University,University
35409277700,Brigham Young University,University
57193749678,Brigham Young University,University
55457444300,Brigham Young University,University
55457444300,Brigham Young UniversityUT  84602,University
55457444300,Mechanical Engineering,Company
6701863708,Brigham Young University,University
6701863708,Brigham Young UniversityUT  84602,University
6701863708,Mechanical Engineering,Company
57201666213,Brigham Young University,University
55694540600,Brigham Young University,University
7003545107,Brigham Young University,University
13406135400,Brigham Young University,University
57203017789,University of Colorado Colorado Springs,University
6701609778,University of Colorado Colorado Springs,University
7005052477,Brigham Young University,University
8750608700,Brigham Young University,University
57214071214,Utah Valley University,University
57193518829,Brigham Young University,University
7006583274,The Ohio State University,University
7006583274,Ohio State University,University
55359526600,Department of Computational Materials & Data Science,Company
55359526600,Department of Computational Materials and Data Science,Company
56911636200,Department of Materials Mechanics & Tribology,Company
55272011900,Ohio State University,University
57203486012,Ohio State University,University
57202293242,Curtin University,University
57203024588,Curtin University,University
57160053200,Universiti Tunku Abdul Rahman (UTAR),University
36006215900,Brigham Young University,University
55944615300,University of Turku,University
57191995369,Southwest Jiaotong University,University
57195515828,Brigham Young University,University
57211443769,Brigham Young University,University
57211435896,Brigham Young University,University
7005408810,Brigham Young University,University
57219015425,Brigham Young University,University
55813139600,Brigham Young University,University
57203836305,Brigham Young University,University
57219009389,Brigham Young University,University
57219005376,Brigham Young University,University
57219006078,Brigham Young University,University
57218481091,Brigham Young University,University
57217024741,Brigham Young University,University
57218482479,Brigham Young University,University
34873482400,Brigham Young University,University
6507317548,Brigham Young University,University
54781821400,Brigham Young University,University
57215052018,Brigham Young University,University
57215058041,Brigham Young University,University
56957771800,Brigham Young University,University
57204469757,Brigham Young University,University
57204469757,Boeing Satellite Systems,Company
57188691775,Brigham Young University,University
57188173800,Brigham Young University,University
57202579348,Brigham Young University,University
57214718289,Brigham Young University,University
57193706327,Brigham Young University,University
57193715705,Brigham Young University,University
57188833818,Brigham Young University,University
57209881955,Brigham Young University,University
57209889565,Brigham Young University,University
56045493000,California Institute of Technology,University
57217866402,Fehr Peers Transportation Consultants,Company
8244752200,Brigham Young University,University
8244752200,Brigham Young Univ.,University
8244752200,Ira A. Fulton College of Engineering and Technology,University
55727966500,Brigham Young University,University
55727966500,Brigham Young Univ.,University
55727966500,Ira A. Fulton College of Engineering and Technology,University
57217871738,Brigham Young University,University
57218270296,SilentBreak Security,Company
57218269408,SilentBreak Security,Company
56215007300,Los Alamos National Laboratory,Company
50162863000,Los Alamos National Laboratory,Company
55422614200,Los Alamos National Laboratory,Company
6603288835,Los Alamos National Laboratory,Company
13405030000,Los Alamos National Laboratory,Company
55904183100,Los Alamos National Laboratory,Company
55279219900,Los Alamos National Laboratory,Company
57211205845,Los Alamos National Laboratory,Company
38662818500,Los Alamos National Laboratory,Company
57203219105,Los Alamos National Laboratory,Company
14059027500,Los Alamos National Laboratory,Company
6505524737,Los Alamos National Laboratory,Company
20735824800,Brigham Young University,University
7103004161,Los Alamos National Laboratory,Company
57202612841,Brigham Young University,University
36499438800,Air Force Research Laboratory,Company
55860312700,Air Force Research Laboratory,Company
57204470823,Brigham Young University,University
57211518929,Brigham Young University,University
56036628100,Brigham Young University,University
16033650300,Geophysics Group (EES-17),Company
57195804520,University of Genova,University
24483038000,University of Genova,University
57189375802,Brigham Young University,University
57212455523,Brigham Young University,University
6603286802,Brigham Young University,University
57023931200,SINTEF,Company
57023931200,SINTEF Petroleum Research,Company
24830555500,SINTEF,Company
24830555500,SINTEF Petroleum Research,Company
6602776615,SINTEF,Company
6602776615,SINTEF Petroleum Research,Company
56857577200,Brigham Young University,University
16643231700,U.S. Naval Research Laboratory,Company
16643231700,Naval Research Laboratory,Company
55359090100,Air Force Research Laboratory,Company
55359090100,Battlespace Acoustics Branch,Company
55359090100,U.S. Air Force Research Laboratory,Company
57217872286,Brigham Young University,University
57217867341,Freelance data scientist,Company
36893877000,Resource Systems Group,Company
57189218211,University of Electronic Science and Technology of China,University
48361087900,Brigham Young University,University
48361087900,University of California,University
7005241866,Philipps-Universität Marburg,University
7006815587,University of Michigan,University
36154754400,Brigham Young University,University
57193226888,Guangzhou Sport University,University
57216966389,Lanzhou University,University
57208015963,Lanzhou University,University
57193230951,Guangzhou Sport University,University
56584993700,Lanzhou University,University
55367023500,Brigham Young University,University
55367023500,SYSU-CMU Shunde International Joint Research Institute,University
7403329173,Guangzhou Sport University,University
57204964732,Brigham Young University,University
12544690900,ISR-3-space Data Systems,Company
12544690900,Los Alamos National Laboratory,Company
54978625300,Brigham Young University,University
54978625300,Brigham-Young University,University
57201947722,Duke University,University
57209567638,Columbia University,University
57209581042,Ira A. Fulton College,University
55845968200,Engineering Technology and Design Division,Company
14831622300,Los Alamos National Laboratory,Company
14831622300,Engineering Institute,University
12646372900,Engineering Technology and Design Division,Company
55788214400,Engineering Technology and Design Division,Company
55788214400,Los Alamos National Laboratory,Company
57219330558,Brigham Young University,University
57219332168,University of California San Diego,University
57219327922,The University of Texas at Dallas,University
55220932600,Los Alamos National Laboratory,Company
56263319900,Nanyang Technological University,University
55436436900,Zero-Error Systems,Company
57218480110,College of Electronics and Information Engineering,University
7004688501,International College of Semiconductor Technology,University
7004688501,National Chiao Tung University,University
7601550121,Nanyang Technological University,University
57201735120,National Institute of Standards and Technology,University
57216287696,Brigham Young University,University
57216287324,University of Houston Texas,University
6506462706,National Institute of Standards and Technology,University
8357777200,National Institute of Standards and Technology,University
7004945584,National Institute of Standards and Technology,University
9741060000,North Carolina State UniversityNC,University
12143690400,Tohoku University,University
57208015244,Geophysics Group (EES-17),Company
57052262900,North Carolina State UniversityNC,University
57204944822,North Carolina State UniversityNC,University
7102369425,Sandia National Laboratories,Company
6603460787,Sandia National Laboratories,Company
6603089864,Non-Destructive Testing and Evaluation Group (E-6),Company
12761902000,Detonation Science and Technology (Q-6),Company
9279493200,Department of Physics,Company
57194034271,North Carolina State Univ.,University
53866135200,Exponent,Company
55315026400,Brigham Young University,University
55315026400,Brigham Young Univ.,University
55315026400,Brigham Young Univ,University
55315026400,Ira A. Fulton College of Engineering and Technology,University
57216076371,Univ. of Nevada,University
56818839700,Univ. of Nevada,University
23570183200,Oregon State Univ.,University
57215823167,Univ. of Alaska Anchorage,University
57216048774,COWI Marine North America,Company
7202049689,Boston University Questrom School of Business,University
57207774891,University of Victoria,University
57213342768,Brigham Young University,University
7006410098,University of California San Diego,University
56206655300,University of Trento,University
55368982000,HCDC Llc,Company
56078804700,University of Roma Tor Vergata,University
57216040137,L3 Technologies,Company
7102391180,HCDC Llc,Company
7402406630,Jet Propulsion Lab,Company
7004398165,University of Genoa,University
6701655006,University of Trento,University
35103143500,University of Transilvania,University
57216037206,Brigham Young University,University
7801550098,University of Cagliari,University
14832404400,University of Trento,University
56221719300,Brigham Young University,University
57210161259,Brigham Young University,University
57203181568,Brigham Young University,University
57212304730,Brigham Young University,University
55458271500,Brigham Young University,University
56266132600,Brigham Young University,University
57210289242,Brigham Young University,University
57209399454,Brigham Young University,University
9245406100,Concepts NRECVT  05001,Company
9245406100,Concepts NREC,Company
57194053456,Brigham Young University,University
56968013300,Brigham Young University,University
6701723921,Caterpillar Inc.,Company
57202910211,University of Montana,University
57196421757,University of Montana,University
24402340500,Brigham Young University,University
55645613600,Uppsala University,University
55546296200,University of Southampton,University
6603579157,Uppsala University,University
28167695400,University of Southampton,University
57212950333,University of Southampton,University
55945437600,Massachusetts Institute of Technology,University
7004277402,Oden Institute for Computational Engineering and Sciences,University
55911870000,Oden Institute for Computational Engineering and Sciences,University
55911870000,Institute for Computational Engineering and Sciences,University
57215811083,Brigham Young UniversityUT,University
17434035200,Instituto de Telecomunicacoes,University
17434035200,University of Coimbra,University
17434035200,Instituto de Telecomunicacões,University
17434035200,Instituto de Telecomunicações,University
24726409500,University of Coimbra,University
57191862517,Brigham Young University,University
23091904000,Fritz Haber Institute of the Max Planck Society,University
57208341600,Brigham Young University,University
53878508900,Skolkovo Institute of Science and Technology,University
56363360200,Johns Hopkins University,University
56148594700,Brigham Young University,University
6602577617,University of Cambridge,University
36176552000,Brigham Young University,University
57189244450,University of Twente,University
57211332837,Brigham Young University,University
8231832400,Brigham Young University,University
57192300416,University of Twente,University
6701454416,University of Twente,University
57202064143,Brigham Young University,University
57204597171,Brigham Young University,University
57192662939,Brigham Young University,University
57210982957,Brigham Young University,University
57204035623,Brigham Young University,University
57196952707,Brigham Young University,University
57196950804,Brigham Young University,University
57213874106,Brigham Young University,University
7402658393,Brigham Young University,University
56680952700,Brigham Young University,University
7003498769,University of Kansas,University
55588035200,University of Tennessee,University
55588035200,MIT Lincoln Laboratory,Company
55588035200,Department of Electrical Engineering and Computer Science,Company
6601908155,Brigham Young University,University
56102505100,KTH Royal Institute of Technology,University
57191620725,University of California at Santa Barbara,University
56819566000,Brigham Young University,University
16178649400,Brigham Young University,University
35729129900,Henan University of Science and Technology,University
53866006800,Changchun Institute of Optics,University
56126031600,Changchun Institute of Optics,University
36538565900,Northwestern Polytechnical University,University
57210585829,Henan University of Science and Technology,University
57203978933,Brigham Young University,University
57212415946,Brigham Young University,University
57205129154,Brigham Young University,University
7402370024,Brigham Young University,University
57203310052,Brigham Young University,University
57193627694,Brigham Young University,University
35175200200,Brigham Young University,University
6602198438,Brigham Young University,University
55948963100,Brigham Young University,University
7005411524,Brigham Young University,University
36459611200,Ira A Fulton College of Engineering and Technology,University
36459611200,Ira A. Fulton College of Engineering and Technology,University
7402074463,Arizona State Univ.,University
34868168700,Arizona State Univ.,University
57126129700,Rockwell Collins,Company
57218886153,Tufts University,University
57205617484,Brigham Young University,University
57205617484,Brigham Young UniversityUT,University
57215432728,Brigham Young University,University
56677251600,Brigham Young University,University
56677251600,University of Southern Indiana,University
57208598187,Brigham Young University,University
7004307869,Delft University of Technology,University
57205257595,Delft University of Technology,University
36503632200,Universidad del Desarrollo,University
16481299700,Instituto de Ingeniería,University
16481299700,Institute of Engineering at National Autonomous University of Mexico,University
56331558100,University of Arkansas,University
47962305800,Auburn University,University
7101640734,Univ. of California,University
7101640734,University of California,University
7101640734,University of California at San Diego,University
55916448500,University of Puerto Rico Mayaguez,University
57200363612,Brigham Young University,University
57212151348,Brigham Young University,University
57212147414,Brigham Young University,University
57212136375,Brigham Young University,University
57200529047,Air Force Research Laboratory,Company
57200529047,University of South Florida,University
56112492400,University of South Florida,University
56112492400,Oak Ridge National Laboratoy,Company
57215653879,Ball Aerospace and Technologies Corporation,Company
18937960700,US Army RDECOM-ARDEC,Company
57216187696,Sciperio Inc.,Company
25627506700,Inst. for Neuroimmune Medicine Nova Southeastern University,University
57210477807,Nova Southeastern University,University
7005345401,Nova Southeastern University,University
7005976828,Rochester Institute of Technology,University
57202910818,Brigham Young University,University
55213245300,Brigham Young University,University
57192067288,Brigham Young University,University
57208225620,Brigham Young University,University
57196372172,Brigham Young University,University
57211642778,Brigham Young University,University
57202855772,Brigham Young University,University
57209824884,Brigham Young University,University
7406665619,Brigham Young University,University
7406665619,SYSU-CMU Shunde International Joint Research Institute,University
57212089454,University of California,University
57202116348,Brigham Young University,University
56709476900,University of California,University
56709476900,University of California Santa Cruz,University
56709476900,University of California at Santa Cruz,University
57205025235,Brigham Young University,University
57202256915,Brigham Young University,University
57193755486,Brigham Young University,University
57002749600,Brigham Young University,University
57002749600,University of California,University
57208584595,Oregon State University,University
35546747200,Oregon State University,University
57003496300,Brigham Young University,University
57212110613,Brigham Young University,University
57216244800,University of California at Los Angeles,University
7409253428,National Chiao Tung University,University
7404504014,National Chiao Tung University,University
57144864700,Nanjing Medical University,University
57194205673,Nanjing Medical University,University
57194205673,China Medical University,University
35078644900,National Quemoy University,University
57204475222,CSIRO Data61,Company
8208317300,Central Taiwan University of Science and Technology,University
55797091700,Henan University of Science and Technology,University
57204783601,Henan University of Science and Technology,University
57192945685,Wuhan Institute of Physics and Mathematics,University
56939117000,College of Life Science and Technology,University
56585491000,Brigham Young University,University
16308483700,College of Life Science and Technology,University
57200214703,Wuhan Institute of Physics and Mathematics,University
35311157900,College of Life Science and Technology,University
55972769000,Wuhan Institute of Physics and Mathematics,University
36483856300,Wuhan Institute of Physics and Mathematics,University
57194027885,Brigham Young University,University
55345299700,Brigham Young University,University
56110251000,Brigham Young University,University
57208682307,Mechanical Engineering,Company
24779209500,University of Coimbra,University
56012631600,Advanced Materials and Manufacturing Processes Institute,University
56487893500,Advanced Materials and Manufacturing Processes Institute,University
7402648240,Advanced Materials and Manufacturing Processes Institute,University
57200884469,Pacific Northwest National Laboratory,Company
57200884469,Pacific Northwest National Lab,Company
57203221999,General Motors LLC,Company
57203221999,General Motors Technical Center,Company
57203221999,General Motors,Company
6603570606,Advanced Instrumentation Systems Technology (AIST) Executing Agent,Company
6603570606,Naval Undersea Warfare Center,Company
57203028829,Brigham Young University,University
55858031100,Brigham Young University,University
57211493546,Brigham Young University,University
57205881788,Brigham Young University,University
57214032187,Brigham Young University,University
57208524360,Frontier-Kemper Constructors,Company
26634229600,Brigham Young University,University
26634229600,Brigham Young Univ.,University
7005934389,General Atomics,Company
57208823236,Brigham Young University,University
57190605478,Brigham Young University,University
35508257500,Brigham Young University,University
8321530600,Cooperative Institute for Research in Environmental Sciences,University
7005709969,Cooperative Institute for Research in Environmental Sciences,University
57208255032,Brigham Young University,University
15848771600,Lang Origami,Company
7006533953,Brigham Young University,University
57199980412,Dalian University of Technology,University
55475654800,Dalian University of Technology,University
57191156976,Brigham Young University,University
57209978209,Brigham Young University,University
57118455800,Brigham Young University,University
7401431037,Brigham Young University,University
24401574900,Electric Power Research Institute,University
57201432287,Department of Mathematics,Company
7003498548,Brigham Young University,University
57207334294,Brigham Young University,University
56976354400,Ira A. Fulton College of Engineering and Technology,University
57209659294,Ira A. Fulton College of Engineering and Technology,University
57209655847,Ira A. Fulton College of Engineering and Technology,University
57204570329,Ira A. Fulton College of Engineering and Technology,University
57210191104,Brigham Young University,University
57214009254,Brigham Young University,University
57217482839,Brigham Young University,University
57209640119,Brigham Young University,University
57210919648,Brigham Young University,University
57210912098,Brigham Young University,University
57206968876,Brigham Young University,University
56824897200,Brigham Young University,University
57210911049,Brigham Young University,University
57210916608,Brigham Young University,University
57205198823,Brigham Young University,University
57210927548,Brigham Young University,University
57210928665,Brigham Young University,University
6602572190,Brigham Young University,University
57210914089,Brigham Young University,University
57203981655,Brigham Young University,University
57210920448,Sun Yat-sen University,University
57202433366,University of North Texas,University
56724258600,University of Texas at Tyler,University
7801676127,Brigham Young University,University
57194391871,University of Utah,University
57189491950,University of Utah,University
57205348362,University of Utah,University
51461952600,University of Utah,University
57191587072,Brigham Young University,University
24295291100,Brigham Young University,University
23052031200,Ohio State University,University
7004495126,Theoretical Division,Company
7004495126,UC Santa Barbara,Company
12778890800,University of New Hampshire,University
57194703295,California Institute of Technology,University
57144565100,Institute of Engineering at National Autonomous University of Mexico,University
57189458176,Institute of Engineering at National Autonomous University of Mexico,University
24080990600,University of Concepcion,University
56323465700,University of South Florida,University
57209274795,University of South Florida,University
7102483892,University of South Florida,University
57200208018,Institut für Verbundwerkstoffe GmbH,University
36701008900,Materials Division,Company
7201687754,University of Delaware,University
7202401225,Technische Universität Clausthal,University
12805837100,University of Nottingham,University
56257805000,Montanuniversität Leoben,University
7005067917,Katholieke Universiteit Leuven,University
7202417224,University of Nottingham,University
55927295500,Institut für Verbundwerkstoffe GmbH,University
6508257901,Skolkovo Institute of Science and Technology,University
55931847400,Technische Universität Clausthal,University
7004092560,Skolkovo Institute of Science and Technology,University
56955794500,Khalifa University of Science and Technology (KUST),University
55778257800,University of Auckland,University
6701664914,University of Auckland,University
24504209800,Composite Materials and Structures Group,Company
55247112800,KOÇ University,University
57207841000,KOÇ University,University
12780700500,ITAINNOVA Instituto Tecnológico de Aragón,University
7006236094,Composite Materials and Structures Group,Company
16303239800,Department of Polymers and Composites Technology & Mechanical Engineering,Company
55315191100,Laboratory of Composite Materials and Adaptive Structures,Company
57194063754,Institute of Aircraft Design,University
6701501207,Laboratory of Composite Materials and Adaptive Structures,Company
24072733200,Institute of Research in Materials Science and Technology,University
57192140261,Skolkovo Institute of Science and Technology,University
57207843958,KOÇ University,University
57207841443,Laboratory of Composite Materials and Adaptive Structures,Company
57207846799,Technische Universität München,University
56473665600,Department of Polymers and Composites Technology & Mechanical Engineering,Company
23977815400,ITAINNOVA Instituto Tecnológico de Aragón,University
56308354900,Skolkovo Institute of Science and Technology,University
36859700200,ITAINNOVA Instituto Tecnológico de Aragón,University
26221155700,Université de Lyon,University
24385613600,Institute of Aircraft Design,University
15081415200,Institute of Research in Materials Science and Technology,University
7408416878,Department of Polymers and Composites Technology & Mechanical Engineering,Company
11042527300,Purdue University,University
56185388600,Univ. Montpellier,University
57207844500,Institut de Soudure Group,University
57189577432,Institute of Research in Materials Science and Technology,University
6602943081,Montanuniversität Leoben,University
57207842677,Institut de Soudure Group,University
39062078800,Purdue University,University
7101608513,Materials Division,Company
6602499334,KOÇ University,University
57202152216,Katholieke Universiteit Leuven,University
57213372150,Khalifa University of Science and Technology (KUST),University
8555191500,Khalifa University of Science and Technology (KUST),University
57195579636,University of Auckland,University
57207842193,Institut für Verbundwerkstoffe GmbH,University
57203836326,Materials Division,Company
55639502500,Technische Universität München,University
6602168494,Technische Universität Clausthal,University
24759275600,Brigham Young University,University
57207312334,Brigham Young University,University
57192981384,University of North Carolina at Chapel Hill,University
57190258899,Brigham and Women's Hospital,Company
24333330300,Brigham Young University,University
57189382200,University of North Carolina at Chapel Hill,University
57203250533,University of North Carolina at Chapel Hill,University
57203957449,Sun Yat-sen University,University
14059209700,Sun Yat-sen University,University
57201759181,Xi'an Jiaotong University,University
57201759181,Institute of Systems Engineering,University
16548784600,Xi'an Jiaotong University,University
57210286057,Brigham Young UniversityUT,University
57210287346,Brigham Young UniversityUT,University
57210288854,Instituto de Telecomunicações,University
57214559823,Instituto de Telecomunicações,University
6602749964,3152 N University Ave #50,University
57205512220,3152 N University Ave #50,University
7102985794,Brigham Young University,University
9739395200,University of Utah,University
57202736299,University of Utah,University
57205515588,University of Utah,University
57205514839,3152 N University Ave #50,University
57194392244,Duke University,University
7006214218,Center for Materials Physics and Technology,Company
57194503011,Duke University,University
9845705900,Duke University,University
7004929818,Duke University,University
57194379165,St. Olaf College,University
6603325558,Duke University,University
57191586637,Brigham Young University,University
57208184650,Brigham Young University,University
57189294915,Brigham Young University,University
6701755273,Brigham Young University,University
55200909800,San Diego State University,University
7004234161,Brigham Young University,University
56330970800,Brigham Young University,University
57190247942,Brigham Young University,University
57197791798,Brigham Young University,University
57191995887,Brigham Young University,University
57203240784,Brigham Young University,University
57193574682,Brigham Young University,University
57208784903,Brigham Young University,University
56417117600,Brigham Young University,University
57203245208,Brigham Young University,University
57208771517,Brigham Young University,University
35621274900,Brigham Young University,University
55681652500,Brigham Young University,University
7003445799,Brigham Young University,University
55855376400,Brigham Young University,University
57126390100,Patent Law Works LLP,Company
57214523209,Roseman University of Health Sciences,University
57205509268,Brigham Young University,University
57208845618,Roseman University of Health Sciences,University
57205502574,Brigham Young University,University
57205849200,Roseman University of Health Sciences,University
57205504743,Roseman University of Health Sciences,University
57207222602,Roseman University of Health Sciences,University
57205501457,Roseman University of Health Sciences,University
57205504946,Roseman University of Health Sciences,University
57205502490,Roseman University of Health Sciences,University
7004339080,Roseman University of Health Sciences,University
57200375892,University of South Florida,University
57193720916,Brigham Young University,University
6701421652,Centre de Mise en Forme des Materiaux,Company
57205270902,Brigham Young University,University
57209887692,University of Coimbra,University
57205763350,Brigham Young University,University
7004435321,Brigham Young University,University
7004435321,Brigham Young Univ.,University
56781290700,Federal Univ. of São Carlos,University
56781290700,Federal Univ. of Sao Carlos,University
36055605700,Federal Univ. of São Carlos,University
36055605700,Federal Univ. of Sao Carlos,University
16041305200,São Paulo State Univ.,University
16041305200,Sao Paulo State Univ.,University
57204552603,Brigham Young University,University
57204551844,Brigham Young University,University
57204547933,Brigham Young University,University
57195217444,Qualified Rapid Products,Company
57200690449,Brigham Young University,University
57208717150,Brigham Young University,University
57204091960,Brigham Young University,University
56353116200,Brigham Young University,University
6603717022,Brigham Young University,University
57210923446,University of Houston,University
55652695700,University of Houston,University
57205329719,University of Houston,University
57199801999,Brigham Young University,University
57193242858,University of Houston,University
7005512824,University of Houston,University
57205263313,Brigham Young University,University
36953700600,Detonation Science and Technology Group (Q-6),Company
57202047395,University of British Columbia,University
57193927413,Imperial College London,University
26029526200,Imperial College London,University
7006799143,University of British Columbia,University
57203922639,New York University,University
57196487336,New York University Abu Dhabi,University
16199522200,Brigham Young University,University
56985459400,Brigham Young University,University
57195343816,Brigham Young University,University
57201722090,Brigham Young University,University
56237421600,Brigham Young University,University
55912340300,Washington State University,University
57201864184,Brigham Young University,University
34874297000,Washington State University,University
10639679200,Washington State University,University
56854811600,Brigham Young University,University
55141781300,Westminster College,University
57190384916,Universitat Rovira i Virgili,University
7005253700,Universitat Rovira i Virgili,University
7004060735,Universitat Rovira i Virgili,University
55413434100,Statistical Sciences Group,Company
57197733358,Georgia Institute of Technology,University
57200390842,Brigham Young University,University
8392459500,Los Alamos National Laboratory,Company
57200730892,Los Alamos National Laboratory,Company
53984647600,Los Alamos National Laboratory,Company
56806547100,Los Alamos National Laboratory,Company
57201199846,University of Chicago,University
57201509548,Los Alamos National Laboratory,Company
7006051256,University of Maryland,University
6505878659,Los Alamos National Laboratory,Company
8298784700,Los Alamos National Laboratory,Company
35747244700,Los Alamos National Laboratory,Company
57193565771,Brigham Young University,University
56315330500,Brigham Young University,University
16177635300,University of Calgary,University
57207108623,Brigham Young University,University
57200290256,Brigham Young University,University
57207112163,Brigham Young University,University
7102270639,Brigham Young University,University
55638504300,Tufts University,University
56798055200,Brigham Young University,University
57192697616,Brigham Young University,University
8621794000,Brigham Young University,University
57215306633,Brigham Young University,University
57201367093,Brigham Young University,University
57189445479,Brigham Young University,University
55812232700,Brigham Young University,University
57192955909,Brigham Young University,University
55161739600,Brigham Young University,University
57211281996,Brigham Young University,University
57211282830,Brigham Young University,University
57204903122,Brigham Young University,University
57187178400,Brigham Young University,University
57211282935,Brigham Young University,University
57216747100,Brigham Young University,University
57216739000,Brigham Young University,University
16313800700,Brigham Young University,University
7005357023,Brigham Young University,University
57216751001,Brigham Young University,University
57216748895,Brigham Young University,University
36913263000,Brigham Young University,University
57217283178,Brigham Young University,University
57216749286,Brigham Young University,University
6701646284,Brigham Young University,University
57200205435,Brigham Young University,University
57205292526,Brigham Young University,University
57211214561,Avenue Consultants Inc.,Company
57211216470,Brigham Young Univ.,University
57204799155,Brigham Young University,University
57204803477,Brigham Young University,University
57204802622,Brigham Young University,University
56071519600,Brigham Young University,University
57212342916,Brigham Young University,University
57212351695,Brigham Young University,University
57212342217,Brigham Young University,University
57212343330,Brigham Young University,University
57192710054,Brigham Young University,University
57212351059,Brigham Young University,University
57212341630,Brigham Young University,University
57212277900,Brigham Young University,University
57188667076,Brigham Young University,University
57200534297,Brigham Young University,University
57214773567,Brigham Young University,University
57212271263,Brigham Young University,University
57111140800,Brigham Young University,University
57197737083,Brigham Young University,University
57205761514,Brigham Young University,University
57205766759,Brigham Young University,University
57205762398,Brigham Young University,University
7004511126,Brigham Young University,University
57200687939,Brigham Young University,University
57200688910,Brigham Young University,University
57031187500,Brigham Young University,University
57089497400,Brigham Young University,University
57209912956,Brigham Young University,University
57209911428,Brigham Young University,University
57211503118,Brigham Young University,University
57211500187,Brigham Young University,University
7006120837,Brigham Young University,University
57209530205,Brigham Young University,University
57215116223,Brigham Young University,University
57191952713,Brigham Young University,University
57188658434,Brigham Young University,University
36682113800,National Renewable Energy Laboratory,Company
36682113800,National Wind Technology Center,Company
56245452300,National Renewable Energy Laboratory,Company
56245452300,National Wind Technology Center,Company
35310092900,National Renewable Energy Laboratory,Company
35310092900,National Wind Technology Center,Company
57214589312,Brigham Young University,University
57215007775,Brigham Young University,University
36126203400,Idaho National Laboratory,Company
7102843798,Idaho National Laboratory,Company
57214451592,University of South Florida,University
6603114735,University of South Florida,University
8641604600,University of South Florida,University
57201357657,Brigham Young University,University
57191570988,Brigham Young University,University
23027991800,Compressor Aero Research Laboratory,Company
7103035939,University of Sheffield,University
57212228353,University of Sheffield,University
7404957607,University of Sheffield,University
55849943100,Brigham Young University,University
35338971800,Oklahoma State University at Stillwater,University
57211217749,Hales Engineering,Company
57203661821,Brigham Young University,University
46961076700,NASA Langley Research Center,Company
7801515665,NASA Langley Research Center,Company
56709364700,Brigham Young University,University
57208012133,Brigham Young Univ.,University
57208012227,Wagstaff Crane Service,Company
55698505100,University of California,University
55698505100,University of California Santa Cruz,University
57203308821,Brigham Young University,University
55326143600,University of California,University
55326143600,University of California Santa Cruz,University
57212351859,Brigham Young University,University
7404766197,US Air Force Academy,University
7404766197,US Air Force Academy Colorado SpringsCO,University
57212271159,Brigham Young University,University
57205765859,Brigham Young University,University
57210375461,Institute of Thermal Science and Technology,University
55861508600,Institute of Thermal Science and Technology,University
56484754900,Institute of Thermal Science and Technology,University
6506942267,Loughborough University,University
6602562656,Loughborough University,University
57202112010,Brigham Young University,University
57202120923,Brigham Young University,University
57193360481,Brigham Young University,University
57205767010,Brigham Young University,University
57205762391,Ford Motor Company,Company
35435170000,South Dakota School of Mines & Technology,Company
55665473200,Brigham Young University,University
55665473200,Brigham Young Univ.,University
57204677450,Brigham Young University,University
57204677555,Brigham Young University,University
57204472177,Brigham Young University,University
56530707600,Brigham Young University,University
54790496100,Cornell University,University
26427694400,Massachusetts Institute of Technology,University
57190256209,Massachusetts Institute of Technology,University
57191107247,Massachusetts Institute of Technology,University
55664291100,Massachusetts Institute of Technology,University
7202317282,Yokohama National University,University
57192070840,Yokohama National University,University
57201700890,Skolkovo Institute of Science and Technology,University
57195574701,Skolkovo Institute of Science and Technology,University
57215333932,Texas A and M University,University
34868658300,Texas A and M University,University
34868658300,College of Architecture,University
57215305002,Texas A and M University,University
7410171017,Brigham Young University,University
7410171017,College of Engineering,University
57215336161,Virginia Polytechnic Institute and State University,University
57201360985,Brigham Young University,University
57212351343,Brigham Young University,University
6506328689,Brigham Young University,University
57194859276,Brigham Young University,University
15766049500,Brigham Young University,University
7202538835,Blue Ridge Research and Consulting,Company
15044701600,Blue Ridge Research and Consulting,Company
57216989927,Morehouse College,University
57211502145,Brigham Young University,University
6507803480,Brigham Young University,University
55557218000,Adana Alparslan Türkeş Science and Technology University,University
55557218000,Çukurova University,University
7102443026,Çukurova University,University
7403558004,College of Life Sciences,University
7403558004,Dept of Ex Sci,Company
55247719300,University of California,University
55247719300,University of California Santa Cruz,University
56871132500,University of California Santa Cruz,University
7402407628,Texas Biomedical Research Institute,University
56790117900,Brigham Young University,University
56790117900,Delft University of Technology,University
57212345817,Degrees of Freedom LLC,Company
57191362366,Brigham Young University,University
57204968964,Brigham Young University,University
57205645397,Brigham Young University,University
55353164900,Science and Technology Facility Council,Company
7101816954,Science and Technology Facility Council,Company
13411176900,Xidian University,University
8922674200,Xidian University,University
8922674200,Xi'an Jiaotong University,University
8922674200,Xi’an Jiaotong University,University
56577741600,University of Illinois at Chicago,University
55807316700,University of Illinois at Chicago,University
7102317656,Jadavpur University,University
57200514682,Corporate Research and Engineering,Company
7003388995,University of Illinois at Chicago,University
16229559200,U.S. Air Force Research Laboratory,Company
16229559200,Air Force Research Laboratory Space Vehicles Directorate,Company
57207993531,Instituto de Ingeniería de la UNAM,University
56560118600,California Institute of Technology,University
6507447149,ExxonMobil Development Co.,Company
23012428800,ExxonMobil Development Co.,Company
56642521500,University of Calgary,University
24780432200,Norce,Company
55233755100,Norce,Company
7801636116,DrillScan,Company
7101973402,Baker Hughes GE,Company
35368447500,MindMesh Inc.,Company
7801530241,Apache Corp,Company
56689651300,Schlumberger,Company
7005786977,University of Minnesota,University
7801609389,Integrity Directional,Company
55922401500,Shell Development Co,Company
57191525048,University of St Andrews,University
41262329300,Institute of Geological Sciences,University
57203758421,Planetary Materials Group,Company
57203801188,University of Houston,University
57203805526,University of Tennessee Knoxville,University
57202763603,University of Twente,University
56116155300,University of Toronto,University
57203801050,Brigham Young University,University
57199854443,University of Helsinki,University
56979909000,Lunar and Planetary Institute,University
57205650285,Brigham Young University,University
56698926600,Sandia National Laboratories,Company
55627591500,Sandia National Laboratories,Company
57205652485,Sandia National Laboratories,Company
57193683516,Sandia National Laboratories,Company
57202192401,Brigham Young University,University
57203191415,Brigham Young University,University
57203142381,Brigham Young University,University
55303499100,Pennsylvania State University,University
56577817900,Brigham Young University,University
57189623841,Pennsylvania State University,University
7003678761,Pennsylvania State University,University
6602997992,Pennsylvania State University,University
7202539045,Pennsylvania State University,University
55710750200,412 Test Wing,Company
55710750200,412 Test Wing/ENI,Company
6508087756,41240 12th St. West,Company
57207110219,2420 Briarwood Lane,Company
57214580514,MITRE Corporation,Company
7404022739,Brigham Young University,University
7003352704,Center for Computing Research,Company
7102280128,Nuclear Science and Engineering Directorate,Company
34976725300,Center for Applied Scientific Computing,Company
6602423274,University of Exeter,University
57198044407,National Institute of Clean-and-Low-Carbon Energy,University
55736791400,University of Wyoming,University
7601492574,China University of Mining and Technology,University
57203572325,National Institute of Clean-and-Low-Carbon Energy,University
57201742316,Brigham Young University,University
56463982900,Brigham Young University,University
56463982900,Mechanical Engineering,Company
55764401200,Brigham Young University,University
6602549459,Brigham Young University,University
6602123531,Indian Institute of Technology Bombay,University
57193089338,Draper Laboratory,Company
57201086222,Engineering Consultants Inc.,Company
26634282400,University of Arkansas,University
57204595191,Brigham Young University,University
57204607180,Brigham Young University,University
56226072000,Brigham Young University,University
7003631423,Kurt J. Lesker Company,Company
57204596520,Kurt J. Lesker Company,Company
7103236401,Environmental Molecular Sciences Laboratory,Company
57195264521,University of Reims Champagne-Ardenne,University
57204829124,Brigham Young University,University
35239803700,Los Alamos National Laboratory,Company
37086141200,University of Reims Champagne-Ardenne,University
8329346700,University of Reims Champagne-Ardenne,University
55369699900,University of South Florida,University
57204830739,Brigham Young University,University
57204825465,Brigham Young University,University
7006372151,Brigham Young University,University
57203192064,Brigham Young University,University
57203188827,Brigham Young University,University
55619678900,University of Utah,University
57202852104,Electrical Consultants Inc.,Company
57202852946,Epic,Company
57202860730,Kiewit,Company
56701619800,Iowa State University,University
8369472600,Iowa State University,University
57193322440,Brigham Young University,University
56376235200,Iowa State University,University
57202237979,Brigham Young University,University
56702333100,Iowa State University,University
7401994123,University of Florida,University
35336731800,University of Florida,University
23388379100,Iowa State University,University
57204695840,University of Colorado Colorado Springs,University
57204692730,Brigham Young University,University
57204695450,University of Kansas,University
56490084100,University of Colorado Colorado Springs,University
57204693186,Brigham Young University,University
16197655400,Brigham Young University,University
56703039000,US Army Corps of Engineers,Company
39362193900,US Army Corps of Engineers,Company
57197749025,US Army Corps of Engineers,Company
57201022887,Brigham Young University,University
57217564448,US Army Corps of Engineers,Company
57190849274,Xi'an Jiaotong University,University
57203184524,Brigham Young University,University
57201465968,Brigham Young University,University
56248395300,General Motors R&D,Company
57203180153,General Motors R&D,Company
7005486887,General Motors R&D,Company
34874038200,Brigham Young University,University
57201366662,Brigham Young University,University
57201358872,Brigham Young University,University
7202006620,Utah State University,University
57194679331,Brigham Young University,University
57194686620,University of Utah,University
35791260000,University of Utah,University
57198333909,Indian Institute of Technology Bombay,University
56666222000,Indian Institute of Technology Bombay,University
7103392045,Indian Institute of Technology Bombay,University
57216486642,Brigham Young University,University
57203661089,Brigham Young University,University
57203982016,Brigham Young University,University
57203992542,Brigham Young University,University
57203980122,Brigham Young University,University
57203980107,Brigham Young University,University
57204553875,Brigham Young University,University
57204546854,Brigham Young University,University
57204555914,Brigham Young University,University
57204555396,Brigham Young University,University
6507235629,Brigham Young University,University
57195398251,Brigham Young University,University
57201484423,Brigham Young University,University
57194155925,Brigham Young University,University
55658283500,Brigham Young University,University
57203575128,Brigham Young University,University
56897186700,Brigham Young University,University
57197726868,Brandenburgische Technische Universität Cottbus-Senftenberg,University
56261172000,Brandenburgische Technische Universität Cottbus-Senftenberg,University
24336460200,Brandenburgische Technische Universität Cottbus-Senftenberg,University
57203731804,University of Colorado Colorado Springs,University
57203372448,University of Colorado,University
57203247682,University of Illinois at Urbana-Champaign,University
57203241931,Brigham Young University,University
57202927332,Northern Arizona University,University
7202608915,Carnegie Mellon University,University
57202921889,Brigham Young University,University
7801604567,Purdue University,University
57204434337,Brigham Young University,University
56556056000,Northwest Hydraulic Consultants,Company
26642910500,Brigham Young Univ.,University
26642910500,Brigham Young Univ,University
57196465311,J-U-B Engineers,Company
56740595400,Utah State University,University
56662711400,Brigham Young University,University
56741048000,The University of Arizona,University
56149906900,Utah State University,University
6603615600,University of Nevada-Las Vegas,University
57189843306,Xi'an Jiaotong University,University
57031532300,Brigham Young University,University
14833931300,Brigham Young University,University
36667397700,ArcelorMittal Global RandD - East Chicago Automotive Products,Company
57200118442,Brigham Young University,University
57202289360,Brigham Young University,University
57202322450,Sun Yat-sen University,University
57202323019,Sun Yat-sen University,University
56795914000,Sun Yat-sen University,University
57202321033,Sun Yat-sen University,University
57202319101,Brigham Young University,University
36843900000,Semel Institute for Neuroscience and Human Behavior,University
8397084400,Baylor College of Medicine,University
6602089995,Baylor College of Medicine,University
6603684079,Baylor College of Medicine,University
15521088300,Baylor College of Medicine,University
56585583100,University of Missouri-St. Louis,University
55449746800,University of Missouri-St. Louis,University
57190247414,Defense and Veterans Brain Injury Center,Company
7005085503,Alaska Radiology Ass.,Company
35228854600,Brigham Young University,University
6505936159,Brigham Young University,University
23487261200,Baylor College of Medicine,University
7005412154,Polytrauma Rehabilitation Center,Company
55946643000,Polytrauma Rehabilitation Center,Company
6603354235,University of South Florida,University
57192063650,Imaging Genetics Center,Company
8602381900,Duke University,University
55249658600,Duke University,University
57207782220,Baylor College of Medicine,University
23987692400,Department of Defense,Company
24323203800,Virginia Commonwealth University,University
7403220237,Semel Institute for Neuroscience and Human Behavior,University
7403220237,Mark and Mary Stevens Neuroimaging and Informatics Institute Keck,University
7103286989,University of Missouri-St. Louis,University
12445208100,Brigham Young University,University
55708105800,University of Puget Sound,University
56164575400,University of Nebraska at Omaha,University
35236338800,University of Dayton,University
35323710800,Brigham Young University,University
57202045558,Brigham Young University,University
56165315000,Brigham Young University,University
7003387464,Brigham Young University,University
26039464700,General Electric Global Research (GE-GR),Company
56747755300,General Electric Global Research (GE-GR),Company
7005612595,General Electric Global Research (GE-GR),Company
56386056100,Istituto di Matematica Applicata e Tecnologie Informatiche del CNR,Company
57190794386,Brigham Young University,University
57201980753,Brigham Young University,University
57190797086,Brigham Young University,University
57201983321,Brigham Young University,University
56181255300,Brigham Young University,University
57201724099,University of California,University
24465525600,University of California,University
57203246058,Brigham Young University,University
35994294500,Iowa State University,University
24758929200,Oregon State University,University
57201645135,University of Utah,University
57201646242,Verum TCS,Company
57200335858,Duke University,University
57217508772,Verum TCS,Company
57201650328,Brigham Young University,University
7102837693,University of Utah,University
55736845400,Tongji University,University
57139150400,University of Central Florida,University
7402422734,Tongji University,University
57218886189,Tufts University,University
57203179434,Çukurova University,University
57213087387,IP and Optical Dept,Company
57202320825,Brigham Young University,University
57207470751,Brigham Young University,University
7005098852,Massachusetts Institute of Technology,University
56896919700,Brigham Young University,University
57190371042,Brigham Young University,University
7202035366,RMRS Missoula Fire Sciences Laboratory,Company
7102857304,Brigham Young University,University
23003275100,US Army Research Laboratory,Company
56221901100,Brigham Young University,University
57200686665,Brigham Young University,University
57200685059,Brigham Young University,University
56425409300,Brigham Young University,University
6603410853,Brigham Young University,University
56040243400,University of British Columbia,University
57193027820,Seoul National University of Science and Technology,University
7409879911,Seoul National University of Science and Technology,University
56029648000,Brigham Young University,University
55130094700,Brigham Young University,University
55130094700,Lucid Software Inc,Company
57193356353,Brigham Young University,University
57200371154,Brigham Young University,University
56331127200,Brigham Young University,University
35269204800,Brigham Young University,University
35269204800,East Hartford,Company
57203433787,Brigham Young University,University
23569552400,Brigham Young Univ.,University
57201393186,Brigham Young University,University
57201397713,Brigham Young University,University
57213476529,Brigham Young University,University
57205285400,Brigham Young University,University
57164754700,Brigham Young University,University
56532087700,Brigham Young University,University
57145797800,Brigham Young University,University
36944158600,Brigham Young University,University
57203179871,Brigham Young Univ.,University
57188711588,Brigham Young University,University
57200118672,Brigham Young University,University
57200117120,Brigham Young University,University
57200121629,Brigham Young University,University
57204762755,Brigham Young University,University
57204728159,Brigham Young University,University
57204719691,Brigham Young University,University
57204719621,Brigham Young University,University
57197733505,Brigham Young University,University
57197728435,Brigham Young University,University
57190858572,Brigham Young University,University
57204435650,Brigham Young University,University
57204415715,Brigham Young University,University
15833172400,Aerion Technologies Corporation,Company
36618663400,Siemens Product Lifecycle Management Software,Company
57194636792,Brigham Young University,University
55916540700,New Product Development,Company
57196484337,Brigham Young University,University
7403368068,METER Group,Company
57202916476,METER Group,Company
7201389702,Brigham Young Univ.,University
16245460000,Brigham Young Univ.,University
57202920062,Brigham Young Univ.,University
57202911672,METER Group,Company
6602761720,METER Group,Company
57202607598,GeoEngineers,Company
57196353469,Univ. of Arkansas,University
38061138100,Univ. of Arkansas,University
57202585105,Geoestudios,Company
24081598300,Geoestudios,Company
57202572948,Geoestudios,Company
57193610705,U.S. Bureau of Reclamation,Company
55898266700,Brigham Young Univ.,University
57202580740,AECOM,Company
8724084200,Case Western Reserve University,University
7403085570,Case Western Reserve University,University
14621428300,Case Western Reserve University,University
8667231600,Case Western Reserve University,University
24382111400,Brigham Young University,University
46062451500,General Motors LLC,Company
56560099200,Brigham Young University,University
57202738247,AFRL RYAT,Company
55502104200,Blue Ridge Research and Consulting,Company
57203330644,Brigham Young University,University
55848648600,Brigham Young University,University
56256103500,Brigham Young University,University
55252859600,NASA Glenn Research Center,Company
8533888200,Astro Technology,Company
57207365951,Brigham Young University,University
57207365951,Astro Technology,Company
6603042352,Ocean Flow International,Company
6506484066,Ocean Flow International,Company
15069700700,University of Florida,University
7005531426,Kansas State University,University
57203180502,Brigham Young University,University
15843313300,Kansas State University,University
57203186135,University of Florida,University
57203188461,Kansas State University,University
57203192544,Kansas State University,University
55182745600,Istituto Nazionale di Geofisica e Vulcanologia,Company
57195292516,Brigham Young Univ.,University
19934211900,Univ. of l'Aquila,University
6603866674,Istituto Nazionale di Geofisica e Vulcanologia,Company
57202577089,Pontificia Univ. Católica de Chile,University
6505761847,Pontificia Univ. Católica de Chile,University
36125615300,Pontificia Univ. Católica de Chile,University
57191616632,Washington State University,University
7202713087,Washington State University,University
57202152391,Brigham Young University,University
7003609448,Brigham Young University,University
57197521815,Brigham Young University,University
57201658993,Brigham Young University,University
7004347500,West Virginia University,University
7007155092,West Virginia University,University
55286783200,West Virginia University,University
57120014600,West Virginia University,University
6602913811,Green Bank Observatory,Company
55452524500,Green Bank Observatory,Company
57212833949,Green Bank Observatory,Company
57206024435,Green Bank Observatory,Company
6507270351,National Radio Astronomy Observatory CDL,Company
6602305778,National Radio Astronomy Observatory CDL,Company
56218368600,The University of Tokyo,University
56218368600,University of Tokyo,University
55837442300,The University of Tokyo,University
55837442300,University of Tokyo,University
7202751866,The University of Tokyo,University
7202751866,University of Tokyo,University
6506010179,The University of Tokyo,University
6506010179,University of Tokyo,University
35873737200,Aerospace Research and Development Directorate,Company
35873737200,Research Unit III,Company
37113017300,Massachusetts Institute of Technology,University
55919211300,Massachusetts Institute of Technology,University
57202785989,Brigham Young University,University
56020026900,Riverside Research,Company
57202743127,Brigham Young Univ.,University
36162907100,Oak Ridge National Lab.,Company
57202741808,Univ. of Tennessee,University
57007514800,Oak Ridge National Lab.,Company
8410729500,Oak Ridge National Lab.,Company
16043812000,Oak Ridge National Lab.,Company
56890778700,Astro Technology,Company
56094587000,Astro Technology,Company
56890178400,Aerodyne Industries,Company
55806548500,NASA-Johnson Space Center,Company
56890669600,NASA-Johnson Space Center,Company
36082483100,3507 North University Ave.,University
36082483100,3507 North Univ. Ave.,University
57217723923,Utah State University,University
50262207100,North Dakota State University,University
6602335448,Utah State University,University
7006253705,Utah State University,University
34168247900,University of Florida,University
57194787481,Massachusetts Institute of Technology,University
57203298908,Monovo,Company
56380927900,Princeton University,University
57189026693,Sustainable Solutions Corporation,Company
57202626673,Caruso Turley Scott,Company
57202627167,U.S. Army Corps of Engineers,Company
57202627912,GeoEngineers Inc,Company
57202627263,Nicholson Construction Company,Company
57202627050,Association for Mechanically Stabilized Earth,Company
16021781200,Association for Mechanically Stabilized Earth,Company
7004403207,Utah State Univ. (USU),University
57003792300,Nanjing Medical University,University
24492691800,National Changhua University of Education,University
57201290781,Central Taiwan University of Science and Technology,University
55601054600,China Medical University,University
57207980336,Texas AandM Univ.,University
57207994872,Virginia Tech College,University
55776361200,Mark and Mary Stevens Neuroimaging and Informatics Institute Keck,University
37664688000,Mark and Mary Stevens Neuroimaging and Informatics Institute Keck,University
57205556489,Mark and Mary Stevens Neuroimaging and Informatics Institute Keck,University
8691490200,Semel Institute for Neuroscience and Human Behavior,University
55628341300,Mark and Mary Stevens Neuroimaging and Informatics Institute Keck,University
57201125120,Semel Institute for Neuroscience and Human Behavior,University
47461179000,Semel Institute for Neuroscience and Human Behavior,University
25930868900,Semel Institute for Neuroscience and Human Behavior,University
57194639611,Semel Institute for Neuroscience and Human Behavior,University
8717447000,University of Pittsburgh,University
57194638369,Semel Institute for Neuroscience and Human Behavior,University
55832864500,Semel Institute for Neuroscience and Human Behavior,University
6701774874,Maastricht University,University
55910450300,Maastricht University,University
57207550410,State University of New York,University
6603383055,Syracuse University,University
9741422500,State University of New York,University
35236206700,University of Newcastle,University
7005089148,University of Newcastle,University
57202326782,Sackler Institute for Translational Neurodevelopment,University
55979578600,Sackler Institute for Translational Neurodevelopment,University
7401764127,Sackler Institute for Translational Neurodevelopment,University
7404062227,Sackler Institute for Translational Neurodevelopment,University
7103269626,Mark and Mary Stevens Neuroimaging and Informatics Institute Keck,University
7103321645,University of Pennsylvania,University
7005251917,University of Pennsylvania,University
9745660700,University of Pennsylvania,University
6507586174,University of Pennsylvania,University
7103065698,University of Pennsylvania and Children's Hospital of Philadelphia,University
57203234366,University of Pennsylvania,University
7202910012,UC Davis MIND Institute and Department of Psychiatry and Behavioral SciencesCA,University
9236660300,UC Davis MIND Institute and Department of Psychiatry and Behavioral SciencesCA,University
57195976340,UC Davis MIND Institute and Department of Psychiatry and Behavioral SciencesCA,University
54899597300,Cardiff University,University
57201121062,Cardiff University,University
6701851503,Cardiff University,University
7102905437,Cardiff University,University
36044041500,Cardiff University,University
57202194800,Cardiff University,University
8517650500,Mark and Mary Stevens Neuroimaging and Informatics Institute Keck,University
6701387944,Semel Institute for Neuroscience and Human Behavior,University
57201212051,Brigham Young University,University
23060352300,Brigham Young University,University
55258864700,Brigham Young University,University
7005371369,Brigham Young University,University
7006085792,Brigham Young University,University
55665625900,Brigham Young University,University
24335536400,Johns Hopkins University,University
40561545600,Brigham Young University,University
7006001488,Brigham Young University,University
6701752452,Brigham Young University,University
57200248178,Brigham Young University,University
57196000820,Lafayette College,University
57195995765,Lafayette College,University
7402004420,University of North Texas,University
6602231941,University of South Alabama,University
57197730899,Queens University,University
7101816438,Brigham Young University,University
56810920600,University of Alabama,University
55764744500,Brigham Young University,University
6603077820,Brigham Young University,University
57217339723,Brigham Young University,University
57140193000,Brigham Young University,University
36011148100,North Carolina State University,University
56155127800,North Carolina State University,University
6506311950,Ghent University-IMEC,University
55212512700,Brigham Young University,University
57196086981,Brigham Young University,University
55981276700,Brigham Young University,University
57190261034,Brigham Young University,University
57196097542,Brigham Young University,University
57196096093,Brigham Young University,University
57196088013,Brigham Young University,University
57196086109,Brigham Young University,University
57190252027,Brigham Young University,University
55456759700,Brigham Young University,University
57202280527,Brigham Young University,University
57202283319,Brigham Young University,University
57198318094,Optisys LLC,Company
35195145200,Brigham Young University,University
57196275913,Optisys LLC,Company
57196277369,Optisys LLC,Company
57211422454,Optisys LLC,Company
55171433700,Brigham Young Univ.,University
55249877500,Brigham Young Univ.,University
57200860487,Brigham Young Univ.,University
56703308500,Brigham Young University,University
13605498800,Human and Computer Interaction Group,Company
56716068400,Brigham Young University,University
57203230997,North Carolina State University,University
57191031931,Università degli Studi di Milano,University
37098602100,Università degli Studi di Milano,University
56424241200,Brookhaven National Laboratory,Company
6701695863,INFN Milano,Company
7006631262,Università degli Studi di Milano,University
56404157200,Brookhaven National Laboratory,Company
7005836251,Brigham Young University,University
57195596864,Brigham Young University,University
57195596391,Brigham Young University,University
57195598039,Brigham Young University,University
57195595627,Brigham Young University,University
57195600276,Brigham Young University,University
57193015007,Brigham Young University,University
57193015157,Brigham Young University,University
57193016069,Brigham Young University,University
24081319400,Brigham Young University,University
57193435113,Brigham Young University,University
57193430035,Brigham Young University,University
57193433048,Brigham Young University,University
57192660307,Brigham Young University,University
57193429691,Brigham Young University,University
57193431261,Brigham Young University,University
56300864300,Brigham Young University,University
57192964074,Brigham Young University,University
57193362917,Brigham Young University,University
18042274300,Learning,Company
55780846900,University of Oxford,University
57193911152,University of Oxford,University
55674595800,University of Oxford,University
56390719200,University of Oxford,University
7102503611,University of Oxford,University
57190974399,University of Oxford,University
6508339625,Brigham Young University,University
57213262958,University of Oxford,University
6506674242,University of Oxford,University
54410814200,University of Maryland,University
56716946800,University of Maryland,University
6506645565,University of Maryland,University
14035040300,University of Colorado Boulder,University
10040303000,University of Maryland,University
55949256500,Utah State University,University
56875349800,Utah State University,University
36106810300,Vandelay Industries,Company
36106810300,Naval Undersea Warfare Center Division Newport,Company
36106810300,Naval Undersea Warfare Center,Company
56875089300,Utah State University,University
57198431633,Utah State University,University
57198450286,Utah State University,University
57198443855,Brigham Young University,University
57198451372,Utah State University,University
54911216200,Utah State University,University
57195332895,Utah State University,University
14822519000,Utah State University,University
56315352000,Brigham Young University,University
56680505500,Brigham Young University,University
56492379200,Brigham Young University,University
57192307368,Brigham Young University,University
57197800472,Brigham Young University,University
57197797367,Brigham Young University,University
56453304300,Naval Undersea Warfare Center Division Newport,Company
57194875876,Brigham Young University,University
7005666650,Brown University,University
35186389400,National Institute of Standards and Technology,University
7406552522,National Institute of Standards and Technology,University
7006715937,National Institute of Standards and Technology,University
57192595504,National Institute of Standards and Technology,University
7101643443,National Institute of Standards and Technology,University
55511230900,Brigham Young University,University
55511230900,Wireless Technology Development,Company
24465414600,Brigham Young University,University
26644144000,Brigham Young University,University
55547115089,Brigham Young University,University
57193564939,University of Ulsan,University
54399816500,University of Ulsan,University
55726346900,University of Ulsan,University
55585953300,Automotive Parts Innovation Center,Company
8935514400,Korea Institute of Industrial Technology,University
56762988100,Seoul National University,University
7401969039,Seoul National University,University
6603040755,Brigham Young University,University
57192959498,Brigham Young University,University
57192961253,Brigham Young University,University
57197710678,Brigham Young University,University
57188688103,Brigham Young University,University
57195420301,Brigham Young University,University
7401970125,Pneubotics,Company
7103395611,Swift Engineering and Radiation Services,Company
7103395611,LLC,Company
24831334500,Cisco System Inc.,Company
18038642000,Lockheed-Martin Space Systems,Company
57208709468,Slabs Ciudad Autónoma de Buenos Aires,Company
57208710317,Boeing Satellite Systems,Company
57208709846,Raytheon Space and Airborne Systems,Company
57170532300,Raytheon Space and Airborne Systems,Company
57208702517,Raytheon Space and Airborne Systems,Company
57208707588,Raytheon Space and Airborne Systems,Company
57208707585,Raytheon Space and Airborne Systems,Company
6508147112,Raytheon Space and Airborne Systems,Company
57208706948,Boeing Satellite Systems,Company
57021948900,Brigham Young University,University
55078951500,Brigham Young University,University
57215280005,Brigham Young University,University
6602958570,Brigham Young University,University
57214010282,Brigham Young University,University
57189351639,Brigham Young University,University
57194697486,Brigham Young University,University
57194141209,GH Phipps Construction Companies,Company
55376424100,Brigham Young University,University
7006440923,Computational Biology Institute,University
14057706900,Brigham Young University,University
57195317234,Brigham Young University,University
57198919773,Pontificia Universidad Católica de Chile,University
54787829800,Pontificia Universidad Católica de Chile and National Research Center for Integrated Natural Disaster Management CONICYT/FONDAP/15110017,University
56672834700,Brigham Young University,University
6603625990,Brigham Young University,University
57193008289,Brigham Young University,University
57192816311,WHOlives.org,Company
55550262000,Pacific Northwest National Laboratory,Company
36167063600,Pacific Northwest National Laboratory,Company
55550264900,Pacific Northwest National Laboratory,Company
7006420570,Brigham Young University–Idaho,University
57192156100,Universidade da Coruña,University
36675881600,Brigham Young University,University
35366248300,Purdue University,University
57193845336,Vehicle Technologies,Company
57193533805,Honda Research & Development Americas Inc.,Company
23983490300,Fiat Chrysler Automobiles,Company
26323686000,Korea University,University
57194162490,Brigham Young University,University
57194158491,Brigham Young University,University
35182844400,University of California at Berkeley,University
57217654846,University of California Santa Cruz,University
57192893058,University of California at Berkeley,University
55544941800,Texas Biomedical Research Institute,University
7202812767,Texas Biomedical Research Institute,University
6603907334,Texas Biomedical Research Institute,University
7103123753,University of California at Berkeley,University
55945072200,Brigham Young University,University
55944583700,Brigham Young University,University
56755464700,University of Connecticut,University
35099253600,University of Connecticut,University
7005523706,University of Connecticut,University
57031532600,Brigham Young University,University
56364369100,Tsinghua University,University
57202367046,Tsinghua University,University
57193409777,Brigham Young University,University
57193401477,Tsinghua University,University
56896749800,Tsinghua University,University
55877167500,Tsinghua University,University
56247393100,Tsinghua University,University
7404963860,Tsinghua University,University
37105487900,Tsinghua University,University
7403361614,Tsinghua University,University
52663627000,Tsinghua University,University
14321763900,Tsinghua University,University
7003587356,General Motors R&D,Company
57195340095,General Motors R&D,Company
57194047397,Brigham Young University,University
57193099661,Brigham Young University,University
57194047820,Brigham Young University,University
57213462935,Brigham Young University,University
35587077000,Brigham Young University,University
57212277009,Brigham Young University,University
55938156500,Brigham Young University,University
57194061052,Brigham Young University,University
56080900100,Brigham Young University,University
57196655805,Brigham Young University,University
15831070600,Brigham Young University,University
35615891900,Brigham Young University,University
12646129300,Utah State University,University
36933855300,Utah State University,University
55812858700,Utah State University,University
57203178543,Utah State University,University
7403131979,Los Alamos National Laboratory,Company
7103186661,University of Waterloo,University
7202711709,University of Waterloo,University
39862017300,Brigham Young University,University
57194015684,Brigham Young University,University
57194006378,Ford Motor Company,Company
35316779800,Ford Motor Company,Company
6508342170,Ford Motor Company,Company
57189227384,Brigham Young University,University
19639917400,Brigham Young University,University
57189219942,Brigham Young University,University
56941526100,Brigham Young University,University
56710953300,Brigham Young Univ,University
7005883030,Univ. of Florida,University
55194109800,Brigham Young University,University
7004834766,Fire Science and Technology Department,Company
57190189579,University of Connecticut,University
8372868700,University of Connecticut,University
55946345200,University of Connecticut,University
8048702500,Federal University of Santa Maria,University
6506269903,Eindhoven University,University
23134948300,Eindhoven University,University
7004615647,University of Minho,University
23973526000,Pennsylvania State University,University
56369566500,Brigham Young University,University
57193265581,Brigham Young University,University
57190000029,Brigham Young University,University
55953141600,Brigham Young University,University
51461758000,Brigham Young University,University
56825569600,Raytheon Missile Systems,Company
7005903021,AMS-TAOS USA Inc.,Company
12808778700,Brigham Young Univ.,University
36240601900,Utah State University,University
57189030360,Utah State University,University
16027856900,Utah State University,University
24177939700,Brigham Young University,University
35213554500,University of Kansas,University
23012861700,Institut de Mathématiques de Toulouse,University
55444802600,Université de Rennes 1,University
7004450337,Indiana University,University
55326050200,University of California,University
57212184217,University of California,University
57212184217,University of California Santa Cruz,University
57189292901,Brigham Young University,University
36137344800,Brigham Young University,University
55486520500,Brigham Young University,University
57214281810,Brigham Young University,University
55235047300,Brigham Young University,University
57191474405,Brigham Young University,University
57191477766,Brigham Young University,University
57205589719,Brigham Young University,University
8725937600,Brigham Young University,University
7005654753,Brigham Young University,University
56701050600,Brigham Young University,University
57189243866,Brigham Young University,University
57197765649,Brigham Young University,University
57191918589,Brigham Young University,University
57191921086,Brigham Young University,University
57191923986,Brigham Young University,University
7004848095,Brigham Young University,University
57196471974,Brigham Young University,University
57196475822,Brigham Young University,University
57196468765,Brigham Young University,University
57192318731,Brigham Young University,University
55660173800,Aerospace and Ocean Engineering,Company
57193903292,Aerospace and Ocean Engineering,Company
6701876192,Aerospace and Ocean Engineering,Company
57193902758,Brigham Young University,University
57193895552,Brigham Young University,University
57193900229,Brigham Young University,University
57208928114,Kimley-Horn and Associates,Company
57195720669,Clemson University,University
57195718233,College of Architecture,University
57190859038,Brigham Young University,University
57203222139,Brigham Young University,University
56156055700,Occidental Petroleum Corporation,Company
57200576069,Sustainable Energy Solutions,Company
10540655600,Sustainable Energy Solutions,Company
36924577900,Sustainable Energy Solutions,Company
55541477400,Sustainable Energy Solutions,Company
56559677100,SandME Inc.,Company
57194576753,Brigham Young Univ.,University
57213582934,University of California Santa Cruz,University
7201793184,CubiScan,Company
56559765400,AECOM,Company
23009691800,Federal Highway Administration,Company
56748981000,Utah Valley University,University
56577146500,Xidian University,University
57188764210,Xidian University,University
56800225200,Brigham Young University,University
13410345300,Air Force Research Laboratory,Company
55693760600,Brigham Young University,University
57194853790,Brigham Young University,University
35578275000,Air Force Research Laboratory,Company
56913378600,Merit Medical Systems,Company
56086163900,Ford Motor Company,Company
57191407630,Brigham Young University,University
57194116428,CKR Engineers,Company
55932655400,DOWL,Company
56559548600,Brigham Young University,University
57209165874,Hayward Baker,Company
7202842875,Hayward Baker,Company
57193807582,Fehr and Peers,Company
57194008450,Applied Geotechnical Engineering Consultants,Company
57193811936,Brigham Young Univ.,University
26538762200,Stevens Institute of Technology,University
7003702751,University politehnica Bucharest,University
9636293200,University of Pennsylvania,University
57202040530,Department of Mechanical Engineering,Company
23006267900,California Institute of Technology,University
56024800300,Department of Physics and Astronomy,Company
57203269936,Department of Physics and Astronomy,Company
56316070300,University of Cambridge,University
37057761700,Massachusetts Institute of Technology,University
35792700800,California Institute of Technology,University
16053936800,Imperial College London,University
56830082600,University of Cambridge,University
